{"f1_score (macro)": 0.5249519228147593, "f1_score (micro)": 0.548, "f1_score (weighted)": 0.5338042096516825}