{"f1_score (macro)": 0.44951617957274276, "f1_score (micro)": 0.484, "f1_score (weighted)": 0.44115138302481016}