{"f1_score (macro)": 0.3970169365815255, "f1_score (micro)": 0.41999999999999993, "f1_score (weighted)": 0.40302483146878726}